0,1,0.001001,1.001,1.0161
0,0.95106,0.002004,0.95306,0.9528
0,0.80902,0.003009,0.81203,0.79179
0,0.58779,0.004016,0.5918,0.59137
0,0.30902,0.005025,0.31404,0.30993
0,6.1232e-17,0.006036,0.006036,-0.0089878
0,-0.30902,0.007049,-0.30197,-0.29576
0,-0.58779,0.008064,-0.57972,-0.57376
0,-0.80902,0.009081,-0.79994,-0.78281
0,-0.95106,0.0101,-0.94096,-0.97216
0,-1,0.011121,-0.98888,-0.98772
0,-0.95106,0.012144,-0.93891,-0.93168
0,-0.80902,0.013169,-0.79585,-0.80636
0,-0.58779,0.014196,-0.57359,-0.5712
0,-0.30902,0.015225,-0.29379,-0.2926
0,-1.837e-16,0.016256,0.016256,0.013945
0,0.30902,0.017289,0.32631,0.34105
0,0.58779,0.018324,0.60611,0.58268
0,0.80902,0.019361,0.82838,0.83276
0,0.95106,0.0204,0.97146,0.96252
0,1,0.021441,1.0214,1.0138
0,0.95106,0.022484,0.97354,0.97336
0,0.80902,0.023529,0.83255,0.81866
0,0.58779,0.024576,0.61236,0.62836
0,0.30902,0.025625,0.33464,0.32438
0,3.0616e-16,0.026676,0.026676,0.038085
0,-0.30902,0.027729,-0.28129,-0.28765
0,-0.58779,0.028784,-0.559,-0.57028
0,-0.80902,0.029841,-0.77918,-0.77505
0,-0.95106,0.0309,-0.92016,-0.93649
0,-1,0.031961,-0.96804,-0.97896
0,-0.95106,0.033024,-0.91803,-0.91605
0,-0.80902,0.034089,-0.77493,-0.76554
0,-0.58779,0.035156,-0.55263,-0.55013
0,-0.30902,0.036225,-0.27279,-0.27676
0,-4.2863e-16,0.037296,0.037296,0.039138
0,0.30902,0.038369,0.34739,0.33311
0,0.58779,0.039444,0.62723,0.63548
0,0.80902,0.040521,0.84954,0.85037
0,0.95106,0.0416,0.99266,0.98725
0,1,0.042681,1.0427,1.0368
0,0.95106,0.043764,0.99482,1.0208
0,0.80902,0.044849,0.85387,0.85714
0,0.58779,0.045936,0.63372,0.62858
0,0.30902,0.047025,0.35604,0.35523
0,5.5109e-16,0.048116,0.048116,0.042679
0,-0.30902,0.049209,-0.25981,-0.26081
0,-0.58779,0.050304,-0.53748,-0.53761
0,-0.80902,0.051401,-0.75762,-0.7393
0,-0.95106,0.0525,-0.89856,-0.91318
0,-1,0.053601,-0.9464,-0.92737
0,-0.95106,0.054704,-0.89635,-0.88069
0,-0.80902,0.055809,-0.75321,-0.75389
0,-0.58779,0.056916,-0.53087,-0.51607
0,-0.30902,0.058025,-0.25099,-0.26556
0,-2.4499e-15,0.059136,0.059136,0.038384
0,0.30902,0.060249,0.36927,0.36417
0,0.58779,0.061364,0.64915,0.65095
0,0.80902,0.062481,0.8715,0.8536
0,0.95106,0.0636,1.0147,0.99341
0,1,0.064721,1.0647,1.0677
0,0.95106,0.065844,1.0169,1.0072
0,0.80902,0.066969,0.87599,0.87586
0,0.58779,0.068096,0.65588,0.66308
0,0.30902,0.069225,0.37824,0.3872
0,-9.8034e-16,0.070356,0.070356,0.057744
0,-0.30902,0.071489,-0.23753,-0.21777
0,-0.58779,0.072624,-0.51516,-0.5195
0,-0.80902,0.073761,-0.73526,-0.71954
0,-0.95106,0.0749,-0.87616,-0.87695
0,-1,0.076041,-0.92396,-0.9068
0,-0.95106,0.077184,-0.87387,-0.87138
0,-0.80902,0.078329,-0.73069,-0.71018
0,-0.58779,0.079476,-0.50831,-0.51396
0,-0.30902,0.080625,-0.22839,-0.22073
0,-2.6948e-15,0.081776,0.081776,0.077474
0,0.30902,0.082929,0.39195,0.40075
0,0.58779,0.084084,0.67187,0.67871
0,0.80902,0.085241,0.89426,0.89973
0,0.95106,0.0864,1.0375,1.0201
0,1,0.087561,1.0876,1.0868
0,0.95106,0.088724,1.0398,1.0415
0,0.80902,0.089889,0.89891,0.91353
0,0.58779,0.091056,0.67884,0.65907
0,0.30902,0.092225,0.40124,0.40255
0,-7.3541e-16,0.093396,0.093396,0.10487
0,-0.30902,0.094569,-0.21445,-0.21151
0,-0.58779,0.095744,-0.49204,-0.51059
0,-0.80902,0.096921,-0.7121,-0.71623
0,-0.95106,0.0981,-0.85296,-0.84486
0,-1,0.099281,-0.90072,-0.90668
0,-0.95106,0.10046,-0.85059,-0.84888
0,-0.80902,0.10165,-0.70737,-0.70442
0,-0.58779,0.10284,-0.48495,-0.47227
0,-0.30902,0.10403,-0.20499,-0.20312
0,-2.9398e-15,0.10522,0.10522,0.10691
0,0.30902,0.10641,0.41543,0.4078
0,0.58779,0.1076,0.69539,0.69586
0,0.80902,0.1088,0.91782,0.9133
0,0.95106,0.11,1.0611,1.0569
0,1,0.1112,1.1112,1.1073
0,0.95106,0.1124,1.0635,1.0788
0,0.80902,0.11361,0.92263,0.9241
0,0.58779,0.11482,0.7026,0.69275
0,0.30902,0.11602,0.42504,0.43125
0,-4.9048e-16,0.11724,0.11724,0.12998
0,-0.30902,0.11845,-0.19057,-0.18647
0,-0.58779,0.11966,-0.46812,-0.46291
0,-0.80902,0.12088,-0.68814,-0.67153
0,-0.95106,0.1221,-0.82896,-0.84238
0,-1,0.12332,-0.87668,-0.88836
0,-0.95106,0.12454,-0.82651,-0.81391
0,-0.80902,0.12577,-0.68325,-0.68796
0,-0.58779,0.127,-0.46079,-0.45899
0,-0.30902,0.12823,-0.18079,-0.15695
0,-3.1847e-15,0.12946,0.12946,0.14033
0,0.30902,0.13069,0.43971,0.45664
0,0.58779,0.13192,0.71971,0.71131
0,0.80902,0.13316,0.94218,0.94746
0,0.95106,0.1344,1.0855,1.0916
0,1,0.13564,1.1356,1.1377
0,0.95106,0.13688,1.0879,1.0907
0,0.80902,0.13813,0.94715,0.95294
0,0.58779,0.13938,0.72716,0.72586
0,0.30902,0.14063,0.44964,0.44507
0,-2.4555e-16,0.14188,0.14188,0.15026
0,-0.30902,0.14313,-0.16589,-0.14908
0,-0.58779,0.14438,-0.4434,-0.44232
0,-0.80902,0.14564,-0.66338,-0.65544
0,-0.95106,0.1469,-0.80416,-0.80564
0,-1,0.14816,-0.85184,-0.8484
0,-0.95106,0.14942,-0.80163,-0.81047
0,-0.80902,0.15069,-0.65833,-0.66533
0,-0.58779,0.15196,-0.43583,-0.42745
0,-0.30902,0.15323,-0.15579,-0.14478
0,-3.4296e-15,0.1545,0.1545,0.1751
0,0.30902,0.15577,0.46479,0.48009
0,0.58779,0.15704,0.74483,0.74704
0,0.80902,0.15832,0.96734,0.95352
0,0.95106,0.1596,1.1107,1.1003
0,1,0.16088,1.1609,1.1773
0,0.95106,0.16216,1.1132,1.1166
0,0.80902,0.16345,0.97247,0.98206
0,0.58779,0.16474,0.75252,0.73783
0,0.30902,0.16602,0.47504,0.48969
0,-6.1898e-19,0.16732,0.16732,0.16661
0,-0.30902,0.16861,-0.14041,-0.12057
0,-0.58779,0.1699,-0.41788,-0.40909
0,-0.80902,0.1712,-0.63782,-0.63357
0,-0.95106,0.1725,-0.77856,-0.76791
0,-1,0.1738,-0.8262,-0.83628
0,-0.95106,0.1751,-0.77595,-0.77911
0,-0.80902,0.17641,-0.63261,-0.6243
0,-0.58779,0.17772,-0.41007,-0.41303
0,-0.30902,0.17902,-0.12999,-0.13261
0,-3.6746e-15,0.18034,0.18034,0.1716
0,0.30902,0.18165,0.49067,0.48915
0,0.58779,0.18296,0.77075,0.77783
0,0.80902,0.18428,0.9933,0.97694
0,0.95106,0.1856,1.1367,1.1323
0,1,0.18692,1.1869,1.1856
0,0.95106,0.18824,1.1393,1.1324
0,0.80902,0.18957,0.99859,1.0005
0,0.58779,0.1909,0.77868,0.76222
0,0.30902,0.19223,0.50124,0.50823
0,2.4431e-16,0.19356,0.19356,0.17194
0,-0.30902,0.19489,-0.11413,-0.11849
0,-0.58779,0.19622,-0.39156,-0.39737
0,-0.80902,0.19756,-0.61146,-0.61328
0,-0.95106,0.1989,-0.75216,-0.74525
0,-1,0.20024,-0.79976,-0.7942
0,-0.95106,0.20158,-0.74947,-0.75712
0,-0.80902,0.20293,-0.60609,-0.62198
0,-0.58779,0.20428,-0.38351,-0.38028
0,-0.30902,0.20562,-0.10339,-0.12152
0,-3.9195e-15,0.20698,0.20698,0.2173
0,0.30902,0.20833,0.51735,0.526
0,0.58779,0.20968,0.79747,0.80879
0,0.80902,0.21104,1.0201,1.0215
0,0.95106,0.2124,1.1635,1.1629
0,1,0.21376,1.2138,1.2107
0,0.95106,0.21512,1.1662,1.1722
0,0.80902,0.21649,1.0255,1.014
0,0.58779,0.21786,0.80564,0.79804
0,0.30902,0.21923,0.52824,0.53182
0,4.8924e-16,0.2206,0.2206,0.22113
0,-0.30902,0.22197,-0.087048,-0.084928
0,-0.58779,0.22334,-0.36444,-0.35483
0,-0.80902,0.22472,-0.5843,-0.57506
0,-0.95106,0.2261,-0.72496,-0.74071
0,-1,0.22748,-0.77252,-0.78242
0,-0.95106,0.22886,-0.72219,-0.70945
0,-0.80902,0.23025,-0.57877,-0.56971
0,-0.58779,0.23164,-0.35615,-0.3507
0,-0.30902,0.23303,-0.075992,-0.084859
0,-4.1644e-15,0.23442,0.23442,0.23103
0,0.30902,0.23581,0.54483,0.53906
0,0.58779,0.2372,0.82499,0.8057
0,0.80902,0.2386,1.0476,1.0413
0,0.95106,0.24,1.1911,1.2027
0,1,0.2414,1.2414,1.247
0,0.95106,0.2428,1.1939,1.1915
0,0.80902,0.24421,1.0532,1.0492
0,0.58779,0.24562,0.8334,0.82789
0,0.30902,0.24702,0.55604,0.58315
0,7.8396e-15,0.24844,0.24844,0.24411
0,-0.30902,0.24985,-0.059168,-0.060373
0,-0.58779,0.25126,-0.33652,-0.33752
0,-0.80902,0.25268,-0.55634,-0.58375
0,-0.95106,0.2541,-0.69696,-0.6899
0,-1,0.25552,-0.74448,-0.74202
0,-0.95106,0.25694,-0.69411,-0.67002
0,-0.80902,0.25837,-0.55065,-0.56113
0,-0.58779,0.2598,-0.32799,-0.31604
0,-0.30902,0.26122,-0.047792,-0.049522
0,-4.4093e-15,0.26266,0.26266,0.26193
0,0.30902,0.26409,0.57311,0.58536
0,0.58779,0.26552,0.85331,0.86494
0,0.80902,0.26696,1.076,1.0987
0,0.95106,0.2684,1.2195,1.2324
0,1,0.26984,1.2698,1.268
0,0.95106,0.27128,1.2223,1.223
0,0.80902,0.27273,1.0817,1.0784
0,0.58779,0.27418,0.86196,0.85576
0,0.30902,0.27563,0.58464,0.57033
0,9.791e-16,0.27708,0.27708,0.26936
0,-0.30902,0.27853,-0.030488,-0.033295
0,-0.58779,0.27998,-0.3078,-0.305
0,-0.80902,0.28144,-0.52758,-0.53069
0,-0.95106,0.2829,-0.66816,-0.66899
0,-1,0.28436,-0.71564,-0.72659
0,-0.95106,0.28582,-0.66523,-0.64989
0,-0.80902,0.28729,-0.52173,-0.5312
0,-0.58779,0.28876,-0.29903,-0.31168
0,-0.30902,0.29022,-0.018792,-0.013177
0,2.4512e-15,0.2917,0.2917,0.26717
0,0.30902,0.29317,0.60219,0.59786
0,0.58779,0.29464,0.88243,0.87716
0,0.80902,0.29612,1.1051,1.1176
0,0.95106,0.2976,1.2487,1.2535
0,1,0.29908,1.2991,1.3182
0,0.95106,0.30056,1.2516,1.2598
0,0.80902,0.30205,1.1111,1.109
0,0.58779,0.30354,0.89132,0.89813
0,0.30902,0.30502,0.61404,0.62921
0,8.3295e-15,0.30652,0.30652,0.30208
0,-0.30902,0.30801,-0.001008,0.020714
0,-0.58779,0.3095,-0.27828,-0.30358
0,-0.80902,0.311,-0.49802,-0.5145
0,-0.95106,0.3125,-0.63856,-0.63537
0,-1,0.314,-0.686,-0.67982
0,-0.95106,0.3155,-0.63555,-0.63966
0,-0.80902,0.31701,-0.49201,-0.4866
0,-0.58779,0.31852,-0.26927,-0.28696
0,-0.30902,0.32003,0.011008,-0.0033594
0,-4.8992e-15,0.32154,0.32154,0.32002
0,0.30902,0.32305,0.63207,0.62712
0,0.58779,0.32456,0.91235,0.92175
0,0.80902,0.32608,1.1351,1.1223
0,0.95106,0.3276,1.2787,1.2799
0,1,0.32912,1.3291,1.3309
0,0.95106,0.33064,1.2817,1.2851
0,0.80902,0.33217,1.1412,1.1301
0,0.58779,0.3337,0.92148,0.90908
0,0.30902,0.33522,0.64424,0.63326
0,1.469e-15,0.33676,0.33676,0.30573
0,-0.30902,0.33829,0.029272,0.014909
0,-0.58779,0.33982,-0.24796,-0.25593
0,-0.80902,0.34136,-0.46766,-0.46405
0,-0.95106,0.3429,-0.60816,-0.61179
0,-1,0.34444,-0.65556,-0.66367
0,-0.95106,0.34598,-0.60507,-0.58389
0,-0.80902,0.34753,-0.46149,-0.47061
0,-0.58779,0.34908,-0.23871,-0.24394
0,-0.30902,0.35063,0.041608,0.017388
0,1.9613e-15,0.35218,0.35218,0.35103
0,0.30902,0.35373,0.66275,0.65672
0,0.58779,0.35528,0.94307,0.95003
0,0.80902,0.35684,1.1659,1.176
0,0.95106,0.3584,1.3095,1.2868
0,1,0.35996,1.36,1.3557
0,0.95106,0.36152,1.3126,1.3143
0,0.80902,0.36309,1.1721,1.1508
0,0.58779,0.36466,0.95244,0.96123
0,0.30902,0.36622,0.67524,0.674
0,8.8193e-15,0.3678,0.3678,0.37303
0,-0.30902,0.36937,0.060352,0.045754
0,-0.58779,0.37094,-0.21684,-0.23816
0,-0.80902,0.37252,-0.4365,-0.44564
0,-0.95106,0.3741,-0.57696,-0.55772
0,-1,0.37568,-0.62432,-0.62654
0,-0.95106,0.37726,-0.57379,-0.57659
0,-0.80902,0.37885,-0.43017,-0.41103
0,-0.58779,0.38044,-0.20735,-0.20556
0,-0.30902,0.38202,0.073008,0.073184
0,-5.3891e-15,0.38362,0.38362,0.39373
0,0.30902,0.38521,0.69423,0.67445
0,0.58779,0.3868,0.97459,0.99241
0,0.80902,0.3884,1.1974,1.208
0,0.95106,0.39,1.3411,1.3508
0,1,0.3916,1.3916,1.3976
0,0.95106,0.3932,1.3443,1.3568
0,0.80902,0.39481,1.2038,1.2113
0,0.58779,0.39642,0.9842,0.97435
0,0.30902,0.39802,0.70704,0.71713
0,1.9588e-15,0.39964,0.39964,0.39779
0,-0.30902,0.40125,0.092232,0.092052
0,-0.58779,0.40286,-0.18492,-0.19764
0,-0.80902,0.40448,-0.40454,-0.38228
0,-0.95106,0.4061,-0.54496,-0.53702
0,-1,0.40772,-0.59228,-0.58429
0,-0.95106,0.40934,-0.54171,-0.54406
0,-0.80902,0.41097,-0.39805,-0.41721
0,-0.58779,0.4126,-0.17519,-0.15952
0,-0.30902,0.41423,0.10521,0.11343
0,1.4714e-15,0.41586,0.41586,0.41463
0,0.30902,0.41749,0.72651,0.72789
0,0.58779,0.41912,1.0069,0.99415
0,0.80902,0.42076,1.2298,1.2401
0,0.95106,0.4224,1.3735,1.375
0,1,0.42404,1.424,1.4292
0,0.95106,0.42568,1.3767,1.3751
0,0.80902,0.42733,1.2363,1.2313
0,0.58779,0.42898,1.0168,1.0156
0,0.30902,0.43063,0.73964,0.73904
0,9.3092e-15,0.43228,0.43228,0.43238
0,-0.30902,0.43393,0.12491,0.12742
0,-0.58779,0.43558,-0.1522,-0.15102
0,-0.80902,0.43724,-0.37178,-0.35578
0,-0.95106,0.4389,-0.51216,-0.50884
0,-1,0.44056,-0.55944,-0.54779
0,-0.95106,0.44222,-0.50883,-0.53386
0,-0.80902,0.44389,-0.36513,-0.37093
0,-0.58779,0.44556,-0.14223,-0.15336
0,-0.30902,0.44723,0.13821,0.12723
0,-5.8789e-15,0.4489,0.4489,0.45135
0,0.30902,0.45057,0.75959,0.77943
0,0.58779,0.45224,1.04,1.05
0,0.80902,0.45392,1.2629,1.2675
0,0.95106,0.4556,1.4067,1.3966
0,1,0.45728,1.4573,1.4574
0,0.95106,0.45896,1.41,1.399
0,0.80902,0.46065,1.2697,1.2726
0,0.58779,0.46234,1.0501,1.0441
0,0.30902,0.46402,0.77304,0.76687
0,2.4487e-15,0.46572,0.46572,0.46331
0,-0.30902,0.46741,0.15839,0.14905
0,-0.58779,0.4691,-0.11868,-0.14132
0,-0.80902,0.4708,-0.33822,-0.33508
0,-0.95106,0.4725,-0.47856,-0.47472
0,-1,0.4742,-0.5258,-0.52389
0,-0.95106,0.4759,-0.47515,-0.48354
0,-0.80902,0.47761,-0.33141,-0.32375
0,-0.58779,0.47932,-0.10847,-0.10743
0,-0.30902,0.48102,0.17201,0.15805
0,9.8157e-16,0.48274,0.48274,0.49493
0,0.30902,0.48445,0.79347,0.8038
0,0.58779,0.48616,1.0739,1.0831
0,0.80902,0.48788,1.2969,1.273
0,0.95106,0.4896,1.4407,1.447
0,1,0.49132,1.4913,1.4841
0,0.95106,0.49304,1.4441,1.4407
0,0.80902,0.49477,1.3038,1.3036
0,0.58779,0.4965,1.0843,1.0893
0,0.30902,0.49822,0.80724,0.81247
0,9.799e-15,0.49996,0.49996,0.49196
0,-0.30902,0.50169,0.19267,0.18837
0,-0.58779,0.50342,-0.084361,-0.068856
0,-0.80902,0.50516,-0.30386,-0.314
0,-0.95106,0.5069,-0.44416,-0.45849
0,-1,0.50864,-0.49136,-0.48911
0,-0.95106,0.51038,-0.44067,-0.43937
0,-0.80902,0.51213,-0.29689,-0.30699
0,-0.58779,0.51388,-0.073909,-0.071451
0,-0.30902,0.51563,0.20661,0.21243
0,-6.3688e-15,0.51738,0.51738,0.49941
0,0.30902,0.51913,0.82815,0.8076
0,0.58779,0.52088,1.1087,1.1077
0,0.80902,0.52264,1.3317,1.3577
0,0.95106,0.5244,1.4755,1.4792
0,1,0.52616,1.5262,1.5331
0,0.95106,0.52792,1.479,1.4728
0,0.80902,0.52969,1.3387,1.3213
0,0.58779,0.53146,1.1192,1.1042
0,0.30902,0.53323,0.84224,0.85024
0,2.9385e-15,0.535,0.535,0.53629
0,-0.30902,0.53677,0.22775,0.22958
0,-0.58779,0.53854,-0.049241,-0.044614
0,-0.80902,0.54032,-0.2687,-0.28032
0,-0.95106,0.5421,-0.40896,-0.41114
0,-1,0.54388,-0.45612,-0.46331
0,-0.95106,0.54566,-0.40539,-0.40134
0,-0.80902,0.54745,-0.26157,-0.26008
0,-0.58779,0.54924,-0.038549,-0.039795
0,-0.30902,0.55103,0.24201,0.25151
0,4.9172e-16,0.55282,0.55282,0.54911
0,0.30902,0.55461,0.86363,0.8591
0,0.58779,0.5564,1.1442,1.1346
0,0.80902,0.5582,1.3672,1.3697
0,0.95106,0.56,1.5111,1.499
0,1,0.5618,1.5618,1.5696
0,0.95106,0.5636,1.5147,1.5398
0,0.80902,0.56541,1.3744,1.3743
0,0.58779,0.56722,1.155,1.137
0,0.30902,0.56903,0.87804,0.86724
0,1.0289e-14,0.57084,0.57084,0.5535
0,-0.30902,0.57265,0.26363,0.2743
0,-0.58779,0.57446,-0.013321,0.0034149
0,-0.80902,0.57628,-0.23274,-0.23793
0,-0.95106,0.5781,-0.37296,-0.37822
0,-1,0.57992,-0.42008,-0.42278
0,-0.95106,0.58174,-0.36931,-0.3682
0,-0.80902,0.58357,-0.22545,-0.21838
0,-0.58779,0.5854,-0.0023893,0.0033268
0,-0.30902,0.58722,0.27821,0.26833
0,7.3522e-15,0.58906,0.58906,0.57985
0,0.30902,0.59089,0.89991,0.88823
0,0.58779,0.59272,1.1805,1.1852
0,0.80902,0.59456,1.4036,1.4004
0,0.95106,0.5964,1.5475,1.537
0,1,0.59824,1.5982,1.6053
0,0.95106,0.60008,1.5511,1.5619
0,0.80902,0.60193,1.4109,1.4122
0,0.58779,0.60378,1.1916,1.1856
0,0.30902,0.60562,0.91464,0.9029
0,3.4284e-15,0.60748,0.60748,0.59357
0,-0.30902,0.60933,0.30031,0.33553
0,-0.58779,0.61118,0.023399,0.024796
0,-0.80902,0.61304,-0.19598,-0.19419
0,-0.95106,0.6149,-0.33616,-0.33925
0,-1,0.61676,-0.38324,-0.37771
0,-0.95106,0.61862,-0.33243,-0.35048
0,-0.80902,0.62049,-0.18853,-0.19263
0,-0.58779,0.62236,0.034571,0.030092
0,-0.30902,0.62423,0.31521,0.31186
0,-1.4209e-14,0.6261,0.6261,0.62517
0,0.30902,0.62797,0.93699,0.94411
0,0.58779,0.62984,1.2176,1.2107
0,0.80902,0.63172,1.4407,1.4617
0,0.95106,0.6336,1.5847,1.605
0,1,0.63548,1.6355,1.6274
0,0.95106,0.63736,1.5884,1.5813
0,0.80902,0.63925,1.4483,1.4436
0,0.58779,0.64114,1.2289,1.2523
0,0.30902,0.64302,0.95204,0.9614
0,-3.4321e-15,0.64492,0.64492,0.66467
0,-0.30902,0.64681,0.33779,0.33084
0,-0.58779,0.6487,0.060919,0.081389
0,-0.80902,0.6506,-0.15842,-0.16274
0,-0.95106,0.6525,-0.29856,-0.29946
0,-1,0.6544,-0.3456,-0.36474
0,-0.95106,0.6563,-0.29475,-0.28911
0,-0.80902,0.65821,-0.15081,-0.15765
0,-0.58779,0.66012,0.072331,0.075212
0,-0.30902,0.66203,0.35301,0.36571
0,-7.3485e-15,0.66394,0.66394,0.68622
0,0.30902,0.66585,0.97487,0.9723
0,0.58779,0.66776,1.2555,1.2447
0,0.80902,0.66968,1.4787,1.4795
0,0.95106,0.6716,1.6227,1.638
0,1,0.67352,1.6735,1.6847
0,0.95106,0.67544,1.6265,1.6249
0,0.80902,0.67737,1.4864,1.4817
0,0.58779,0.6793,1.2671,1.2863
0,0.30902,0.68123,0.99024,0.99179
0,1.8129e-14,0.68316,0.68316,0.68255
0,-0.30902,0.68509,0.37607,0.36886
0,-0.58779,0.68702,0.099239,0.093633
0,-0.80902,0.68896,-0.12006,-0.12081
0,-0.95106,0.6909,-0.26016,-0.25245
0,-1,0.69284,-0.30716,-0.317
0,-0.95106,0.69478,-0.25627,-0.26685
0,-0.80902,0.69673,-0.11229,-0.12764
0,-0.58779,0.69868,0.11089,0.088296
0,-0.30902,0.70062,0.39161,0.37312
0,-4.88e-16,0.70258,0.70258,0.7117
0,0.30902,0.70453,1.0135,1.0175
0,0.58779,0.70648,1.2943,1.2881
0,0.80902,0.70844,1.5175,1.5138
0,0.95106,0.7104,1.6615,1.6743
0,1,0.71236,1.7124,1.715
0,0.95106,0.71432,1.6654,1.6694
0,0.80902,0.71629,1.5253,1.5296
0,0.58779,0.71826,1.306,1.2878
0,0.30902,0.72023,1.0292,1.0284
0,1.1269e-14,0.7222,0.7222,0.73996
0,-0.30902,0.72417,0.41515,0.40537
0,-0.58779,0.72614,0.13836,0.13439
0,-0.80902,0.72812,-0.080896,-0.095098
0,-0.95106,0.7301,-0.22096,-0.19144
0,-1,0.73208,-0.26792,-0.26224
0,-0.95106,0.73406,-0.21699,-0.22695
0,-0.80902,0.73605,-0.072968,-0.06735
0,-0.58779,0.73804,0.15025,0.14832
0,-0.30902,0.74002,0.43101,0.43248
0,6.3725e-15,0.74202,0.74202,0.74682
0,0.30902,0.74401,1.053,1.0288
0,0.58779,0.746,1.3338,1.341
0,0.80902,0.748,1.557,1.566
0,0.95106,0.75,1.7011,1.6973
0,1,0.752,1.752,1.7492
0.95106,0.95106,0.754,2.6561,2.6709
-0.58779,0.80902,0.75601,0.97724,0.98918
-0.58779,0.58779,0.75802,0.75802,0.74357
0.95106,0.30902,0.76002,2.0201,2.0147
3.6739e-16,4.4081e-15,0.76204,0.76204,0.7713
-0.95106,-0.30902,0.76405,-0.49602,-0.49617
0.58779,-0.58779,0.76606,0.76606,0.76602
0.58779,-0.80902,0.76808,0.54685,0.54263
-0.95106,-0.95106,0.7701,-1.132,-1.1209
-7.3479e-16,-1,0.77212,-0.22788,-0.22214
0.95106,-0.95106,0.77414,0.77414,0.76611
-0.58779,-0.80902,0.77617,-0.62063,-0.63367
-0.58779,-0.58779,0.7782,-0.39737,-0.39875
0.95106,-0.30902,0.78022,1.4223,1.4112
1.1022e-15,-1.5189e-14,0.78226,0.78226,0.77129
-0.95106,0.30902,0.78429,0.14225,0.15422
0.58779,0.58779,0.78632,1.9619,1.9613
0.58779,0.80902,0.78836,2.1852,2.189
-0.95106,0.95106,0.7904,0.7904,0.79221
-1.4696e-15,1,0.79244,1.7924,1.7792
0.95106,0.95106,0.79448,2.6966,2.7013
-0.58779,0.80902,0.79653,1.0178,1.0255
-0.58779,0.58779,0.79858,0.79858,0.78824
0.95106,0.30902,0.80063,2.0607,2.0574
5.3897e-15,-2.4524e-15,0.80268,0.80268,0.7982
-0.95106,-0.30902,0.80473,-0.45534,-0.45629
0.58779,-0.58779,0.80678,0.80678,0.80838
0.58779,-0.80902,0.80884,0.58761,0.59404
-0.95106,-0.95106,0.8109,-1.0912,-1.0962
-2.2044e-15,-1,0.81296,-0.18704,-0.18662
0.95106,-0.95106,0.81502,0.81502,0.7922
-0.58779,-0.80902,0.81709,-0.57971,-0.57492
-0.58779,-0.58779,0.81916,-0.35641,-0.37572
0.95106,-0.30902,0.82123,1.4633,1.4796
-9.8096e-16,-8.3282e-15,0.8233,0.8233,0.84055
-0.95106,0.30902,0.82537,0.18333,0.18645
0.58779,0.58779,0.82744,2.003,2.0108
0.58779,0.80902,0.82952,2.2263,2.2249
-0.95106,0.95106,0.8316,0.8316,0.82876
-2.9392e-15,1,0.83368,1.8337,1.85
0.95106,0.95106,0.83576,2.7379,2.7506
-0.58779,0.80902,0.83785,1.0591,1.0681
-0.58779,0.58779,0.83994,0.83994,0.85342
0.95106,0.30902,0.84203,2.1021,2.0894
6.8593e-15,1.9109e-14,0.84412,0.84412,0.85201
-0.95106,-0.30902,0.84621,-0.41386,-0.41786
0.58779,-0.58779,0.8483,0.8483,0.83443
0.58779,-0.80902,0.8504,0.62917,0.61328
-0.95106,-0.95106,0.8525,-1.0496,-1.0559
-1.0779e-14,-1,0.8546,-0.1454,-0.15394
0.95106,-0.95106,0.8567,0.8567,0.84751
-0.58779,-0.80902,0.85881,-0.53799,-0.53573
-0.58779,-0.58779,0.86092,-0.31465,-0.31823
0.95106,-0.30902,0.86303,1.5051,1.5209
4.8862e-16,-1.4677e-15,0.86514,0.86514,0.84694
-0.95106,0.30902,0.86725,0.22521,0.23161
0.58779,0.58779,0.86936,2.0449,2.0412
0.58779,0.80902,0.87148,2.2683,2.2868
-0.95106,0.95106,0.8736,0.8736,0.86979
-4.4087e-15,1,0.87572,1.8757,1.8642
0.95106,0.95106,0.87784,2.78,2.7713
-0.58779,0.80902,0.87997,1.1012,1.1047
-0.58779,0.58779,0.8821,0.8821,0.86552
0.95106,0.30902,0.88422,2.1443,2.1515
8.3288e-15,1.2248e-14,0.88636,0.88636,0.88482
-0.95106,-0.30902,0.88849,-0.37158,-0.36806
0.58779,-0.58779,0.89062,0.89062,0.89011
0.58779,-0.80902,0.89276,0.67153,0.67199
-0.95106,-0.95106,0.8949,-1.0072,-1.0198
1.9619e-15,-1,0.89704,-0.10296,-0.074416
0.95106,-0.95106,0.89918,0.89918,0.9112
-0.58779,-0.80902,0.90133,-0.49547,-0.48149
-0.58779,-0.58779,0.90348,-0.27209,-0.26903
0.95106,-0.30902,0.90562,1.5477,1.5346
1.9582e-15,5.3928e-15,0.90778,0.90778,0.91091
-0.95106,0.30902,0.90993,0.26789,0.26254
0.58779,0.58779,0.91208,2.0877,2.0775
0.58779,0.80902,0.91424,2.311,2.2928
-0.95106,0.95106,0.9164,0.9164,0.9244
-5.8783e-15,1,0.91856,1.9186,1.9071
0.95106,0.95106,0.92072,2.8228,2.8186
-0.58779,0.80902,0.92289,1.1441,1.1416
-0.58779,0.58779,0.92506,0.92506,0.94067
0.95106,0.30902,0.92722,2.1873,2.1696
9.7984e-15,5.3878e-15,0.9294,0.9294,0.92547
-0.95106,-0.30902,0.93157,-0.3285,-0.29508
0.58779,-0.58779,0.93374,0.93374,0.95825
0.58779,-0.80902,0.93592,0.71469,0.71028
-0.95106,-0.95106,0.9381,-0.96401,-0.93728
-1.3719e-14,-1,0.94028,-0.059719,-0.073648
0.95106,-0.95106,0.94246,0.94246,0.92632
-0.58779,-0.80902,0.94465,-0.45215,-0.45007
-0.58779,-0.58779,0.94684,-0.22873,-0.23451
0.95106,-0.30902,0.94903,1.5911,1.6056
1.7639e-14,-1.6168e-14,0.95122,0.95122,0.95965
-0.95106,0.30902,0.95341,0.31137,0.33211
0.58779,0.58779,0.9556,2.1312,2.12
0.58779,0.80902,0.9578,2.3546,2.3617
-0.95106,0.95106,0.96,0.96,0.96645
-2.1559e-14,1,0.9622,1.9622,1.9471
0.95106,0.95106,0.9644,2.8665,2.849
-0.58779,0.80902,0.96661,1.1878,1.183
-0.58779,0.58779,0.96882,0.96882,0.98963
0.95106,0.30902,0.97103,2.2311,2.232
-2.9429e-15,-1.4727e-15,0.97324,0.97324,0.96572
-0.95106,-0.30902,0.97545,-0.28462,-0.27768
0.58779,-0.58779,0.97766,0.97766,0.9776
0.58779,-0.80902,0.97988,0.75865,0.75408
-0.95106,-0.95106,0.9821,-0.92001,-0.93044
-9.7724e-16,-1,0.98432,-0.015679,-0.02081
0.95106,-0.95106,0.98654,0.98654,0.9957
-0.58779,-0.80902,0.98877,-0.40803,-0.41297
-0.58779,-0.58779,0.991,-0.18457,-0.20786
0.95106,-0.30902,0.99323,1.6353,1.6304
4.8973e-15,-9.3079e-15,0.99546,0.99546,0.99132
-0.95106,0.30902,0.99769,0.35565,0.35943
0.58779,0.58779,0.99992,2.1755,2.1645
0.58779,0.80902,1.0022,2.399,2.3947
-0.95106,0.95106,1.0044,1.0044,1.0067
-8.8175e-15,1,1.0066,2.0066,2.0011
0.95106,0.95106,1.0089,2.911,2.9194
-0.58779,0.80902,1.0111,1.2324,1.2566
-0.58779,0.58779,1.0134,1.0134,1.0112
0.95106,0.30902,1.0156,2.2757,2.2935
1.2738e-14,2.0089e-14,1.0179,1.0179,0.99582
-0.95106,-0.30902,1.0201,-0.23994,-0.25416
0.58779,-0.58779,1.0224,1.0224,1.0188
0.58779,-0.80902,1.0246,0.80341,0.79377
-0.95106,-0.95106,1.0269,-0.87521,-0.87128
-1.6658e-14,-1,1.0292,0.029161,0.045082
0.95106,-0.95106,1.0314,1.0314,1.0145
-0.58779,-0.80902,1.0337,-0.36311,-0.37408
-0.58779,-0.58779,1.036,-0.13961,-0.13807
0.95106,-0.30902,1.0382,1.6803,1.6677
2.0578e-14,-2.4474e-15,1.0405,1.0405,1.0604
-0.95106,0.30902,1.0428,0.40073,0.4034
0.58779,0.58779,1.045,2.2206,2.2241
0.58779,0.80902,1.0473,2.4441,2.4423
-0.95106,0.95106,1.0496,1.0496,1.0404
3.9238e-15,1,1.0519,2.0519,2.0485
0.95106,0.95106,1.0542,2.9563,2.9453
-0.58779,0.80902,1.0564,1.2777,1.2483
-0.58779,0.58779,1.0587,1.0587,1.0624
0.95106,0.30902,1.061,2.3211,2.3191
2.8418e-14,1.3228e-14,1.0633,1.0633,1.0568
-0.95106,-0.30902,1.0656,-0.19446,-0.18404
0.58779,-0.58779,1.0679,1.0679,1.0725
0.58779,-0.80902,1.0702,0.84897,0.85857
-0.95106,-0.95106,1.0725,-0.82961,-0.81721
-3.9164e-15,-1,1.0748,0.074801,0.05898
0.95106,-0.95106,1.0771,1.0771,1.0881
-0.58779,-0.80902,1.0794,-0.31739,-0.30773
-0.58779,-0.58779,1.0817,-0.093855,-0.089682
0.95106,-0.30902,1.084,1.7261,1.7397
3.6258e-14,4.4131e-15,1.0863,1.0863,1.0972
-0.95106,0.30902,1.0886,0.44661,0.4639
0.58779,0.58779,1.091,2.2665,2.2679
0.58779,0.80902,1.0933,2.4901,2.5041
-0.95106,0.95106,1.0956,1.0956,1.1188
-1.1757e-14,1,1.0979,2.0979,2.0806
0.95106,0.95106,1.1002,3.0024,3.0267
-0.58779,0.80902,1.1026,1.3238,1.3185
-0.58779,0.58779,1.1049,1.1049,1.0966
0.95106,0.30902,1.1072,2.3673,2.3594
-1.2745e-14,6.3675e-15,1.1096,1.1096,1.1008
-0.95106,-0.30902,1.1119,-0.14818,-0.15143
0.58779,-0.58779,1.1142,1.1142,1.1189
0.58779,-0.80902,1.1166,0.89533,0.89452
-0.95106,-0.95106,1.1189,-0.78321,-0.76223
-1.9597e-14,-1,1.1212,0.12124,0.13901
0.95106,-0.95106,1.1236,1.1236,1.1067
-0.58779,-0.80902,1.1259,-0.27087,-0.26122
-0.58779,-0.58779,1.1283,-0.047295,-0.044438
0.95106,-0.30902,1.1306,1.7727,1.7583
-4.9048e-15,-1.7148e-14,1.133,1.133,1.1264
-0.95106,0.30902,1.1353,0.49329,0.50327
0.58779,0.58779,1.1377,2.3133,2.3124
0.58779,0.80902,1.14,2.5368,2.5526
-0.95106,0.95106,1.1424,1.1424,1.1304
-2.7437e-14,1,1.1448,2.1448,2.1357
0.95106,0.95106,1.1471,3.0492,3.0531
-0.58779,0.80902,1.1495,1.3707,1.3805
-0.58779,0.58779,1.1519,1.1519,1.1574
0.95106,0.30902,1.1542,2.4143,2.4215
2.9354e-15,-4.9295e-16,1.1566,1.1566,1.1682
-0.95106,-0.30902,1.159,-0.1011,-0.10237
0.58779,-0.58779,1.1613,1.1613,1.1702
0.58779,-0.80902,1.1637,0.94249,0.9334
-0.95106,-0.95106,1.1661,-0.73601,-0.74049
-3.5277e-14,-1,1.1685,0.16848,0.15813
0.95106,-0.95106,1.1709,1.1709,1.1769
-0.58779,-0.80902,1.1732,-0.22355,-0.21818
-0.58779,-0.58779,1.1756,6.5495e-05,-2.0927e-05
0.95106,-0.30902,1.178,1.8201,1.8253
1.0776e-14,-1.0288e-14,1.1804,1.1804,1.1582
-0.95106,0.30902,1.1828,0.54077,0.54094
0.58779,0.58779,1.1852,2.3608,2.3675
0.58779,0.80902,1.1876,2.5844,2.582
-0.95106,0.95106,1.19,1.19,1.1977
-4.3117e-14,1,1.1924,2.1924,2.1792
0.95106,0.95106,1.1948,3.0969,3.1135
-0.58779,0.80902,1.1972,1.4184,1.4407
-0.58779,0.58779,1.1996,1.1996,1.1907
0.95106,0.30902,1.202,2.4621,2.4662
1.8616e-14,2.1068e-14,1.2044,1.2044,1.1882
-0.95106,-0.30902,1.2068,-0.053225,-0.056844
0.58779,-0.58779,1.2093,1.2093,1.2076
0.58779,-0.80902,1.2117,0.99045,0.983
-0.95106,-0.95106,1.2141,-0.68801,-0.70089
5.8857e-15,-1,1.2165,0.21652,0.18789
0.95106,-0.95106,1.2189,1.2189,1.2362
-0.58779,-0.80902,1.2214,-0.17543,-0.17396
-0.58779,-0.58779,1.2238,0.048225,0.026056
0.95106,-0.30902,1.2262,1.8683,1.842
2.6456e-14,-3.4272e-15,1.2287,1.2287,1.2444
-0.95106,0.30902,1.2311,0.58905,0.58956
0.58779,0.58779,1.2335,2.4091,2.418
0.58779,0.80902,1.236,2.6328,2.6123
-0.95106,0.95106,1.2384,1.2384,1.2499
-1.9545e-15,1,1.2408,2.2408,2.2442
0.95106,0.95106,1.2433,3.1454,3.1526
-0.58779,0.80902,1.2457,1.467,1.4977
-0.58779,0.58779,1.2482,1.2482,1.2407
0.95106,0.30902,1.2506,2.5107,2.5158
3.4296e-14,1.4208e-14,1.2531,1.2531,1.245
-0.95106,-0.30902,1.2555,-0.0045445,0.0049465
0.58779,-0.58779,1.258,1.258,1.2496
0.58779,-0.80902,1.2604,1.0392,1.0455
-0.95106,-0.95106,1.2629,-0.63921,-0.63899
-9.7947e-15,-1,1.2654,0.26536,0.25984
0.95106,-0.95106,1.2678,1.2678,1.2807
-0.58779,-0.80902,1.2703,-0.12651,-0.11536
-0.58779,-0.58779,1.2728,0.097185,0.10091
0.95106,-0.30902,1.2752,1.9173,1.9223
4.2137e-14,3.4333e-15,1.2777,1.2777,1.2761
-0.95106,0.30902,1.2802,0.63813,0.63807
0.58779,0.58779,1.2826,2.4582,2.4235
0.58779,0.80902,1.2851,2.6819,2.6709
-0.95106,0.95106,1.2876,1.2876,1.3097
-1.7635e-14,1,1.2901,2.2901,2.3044
0.95106,0.95106,1.2926,3.1947,3.1852
-0.58779,0.80902,1.295,1.5163,1.5105
-0.58779,0.58779,1.2975,1.2975,1.313
0.95106,0.30902,1.3,2.5601,2.545
-6.8667e-15,7.3473e-15,1.3025,1.3025,1.3049
-0.95106,-0.30902,1.305,0.044935,0.046159
0.58779,-0.58779,1.3075,1.3075,1.3055
0.58779,-0.80902,1.31,1.0888,1.1074
-0.95106,-0.95106,1.3125,-0.58961,-0.59245
0,-1,1.315,0.315,0.32104
0,-0.95106,1.3175,0.36645,0.38473
0,-0.80902,1.32,0.51099,0.51038
0,-0.58779,1.3225,0.73473,0.7449
0,-0.30902,1.325,1.016,0.99501
0,-1.8128e-14,1.3275,1.3275,1.3502
0,0.30902,1.33,1.6391,1.6225
0,0.58779,1.3326,1.9203,1.9093
0,0.80902,1.3351,2.1441,2.1473
0,0.95106,1.3376,2.2887,2.2852
0,1,1.3401,2.3401,2.3644
0,0.95106,1.3426,2.2937,2.3004
0,0.80902,1.3452,2.1542,2.1663
0,0.58779,1.3477,1.9355,1.9291
0,0.30902,1.3502,1.6592,1.6547
0,4.8676e-16,1.3528,1.3528,1.3475
0,-0.30902,1.3553,1.0463,1.038
0,-0.58779,1.3578,0.77004,0.75453
0,-0.80902,1.3604,0.55134,0.56611
0,-0.95106,1.3629,0.41184,0.415
0,-1,1.3654,0.36544,0.37302
0,-0.95106,1.368,0.41693,0.42123
0,-0.80902,1.3705,0.56151,0.55808
0,-0.58779,1.3731,0.78529,0.7641
0,-0.30902,1.3756,1.0666,1.0674
0,-1.1267e-14,1.3782,1.3782,1.3732
0,0.30902,1.3807,1.6897,1.689
0,0.58779,1.3833,1.9711,1.9578
0,0.80902,1.3858,2.1949,2.1857
0,0.95106,1.3884,2.3395,2.3494
0,1,1.391,2.391,2.4136
0,0.95106,1.3935,2.3446,2.3488
0,0.80902,1.3961,2.2051,2.1916
0,0.58779,1.3987,1.9864,1.9708
0,0.30902,1.4012,1.7102,1.7258
0,2.2048e-14,1.4038,1.4038,1.4
0,-0.30902,1.4064,1.0974,1.0895
0,-0.58779,1.4089,0.82116,0.80885
0,-0.80902,1.4115,0.6025,0.59658
0,-0.95106,1.4141,0.46304,0.47728
0,-1,1.4167,0.41668,0.40567
0,-0.95106,1.4193,0.46821,0.45798
0,-0.80902,1.4218,0.61283,0.61416
0,-0.58779,1.4244,0.83665,0.84546
0,-0.30902,1.427,1.118,1.1385
0,-4.4069e-15,1.4296,1.4296,1.445
0,0.30902,1.4322,1.7412,1.7401
0,0.58779,1.4348,2.0226,2.0176
0,0.80902,1.4374,2.2464,2.2585
0,0.95106,1.44,2.3911,2.398
0,1,1.4426,2.4426,2.4568
0,0.95106,1.4452,2.3963,2.3952
0,0.80902,1.4478,2.2568,2.2693
0,0.58779,1.4504,2.0382,2.0225
0,0.30902,1.453,1.762,1.7818
0,1.5187e-14,1.4556,1.4556,1.4688
0,-0.30902,1.4582,1.1492,1.159
0,-0.58779,1.4609,0.87308,0.88054
0,-0.80902,1.4635,0.65446,0.65646
0,-0.95106,1.4661,0.51504,0.50613
0,-1,1.4687,0.46872,0.47249
0,-0.95106,1.4713,0.52029,0.50728
0,-0.80902,1.474,0.66495,0.66382
0,-0.58779,1.4766,0.88881,0.87762
0,-0.30902,1.4792,1.1702,1.1739
0,-2.5968e-14,1.4819,1.4819,1.4829
0,0.30902,1.4845,1.7935,1.7912
0,0.58779,1.4871,2.0749,2.0704
0,0.80902,1.4898,2.2988,2.3186
0,0.95106,1.4924,2.4435,2.4424
0,1,1.495,2.495,2.5001
0,0.95106,1.4977,2.4487,2.4332
0,0.80902,1.5003,2.3093,2.3002
0,0.58779,1.503,2.0908,2.0798
0,0.30902,1.5056,1.8146,1.7879
0,3.6749e-14,1.5083,1.5083,1.5025
0,-0.30902,1.5109,1.2019,1.1979
0,-0.58779,1.5136,0.9258,0.92279
0,-0.80902,1.5162,0.70722,0.71999
0,-0.95106,1.5189,0.56784,0.56795
0,-1,1.5216,0.52156,0.51794
0,-0.95106,1.5242,0.57317,0.57939
0,-0.80902,1.5269,0.71787,0.69627
0,-0.58779,1.5296,0.94177,0.92412
0,-0.30902,1.5322,1.2232,1.2246
0,9.3141e-15,1.5349,1.5349,1.5382
0,0.30902,1.5376,1.8466,1.8289
0,0.58779,1.5402,2.128,2.1401
0,0.80902,1.5429,2.3519,2.3593
0,0.95106,1.5456,2.4967,2.4967
0,1,1.5483,2.5483,2.5579
0,0.95106,1.551,2.502,2.5103
0,0.80902,1.5536,2.3627,2.3623
0,0.58779,1.5563,2.1441,2.1468
0,0.30902,1.559,1.868,1.8578
0,1.4665e-15,1.5617,1.5617,1.5652
0,-0.30902,1.5644,1.2554,1.2538
0,-0.58779,1.5671,0.97932,0.96593
0,-0.80902,1.5698,0.76078,0.78503
0,-0.95106,1.5725,0.62144,0.62067
0,-1,1.5752,0.5752,0.57713
0,-0.95106,1.5779,0.62685,0.60981
0,-0.80902,1.5806,0.77159,0.76932
0,-0.58779,1.5833,0.99553,0.99775
0,-0.30902,1.586,1.277,1.2723
0,-1.2247e-14,1.5887,1.5887,1.5783
0,0.30902,1.5914,1.9005,1.8908
0,0.58779,1.5942,2.1819,2.2108
0,0.80902,1.5969,2.4059,2.4056
0,0.95106,1.5996,2.5507,2.5705
0,1,1.6023,2.6023,2.6108
0,0.95106,1.605,2.5561,2.5566
0,0.80902,1.6078,2.4168,2.4165
0,0.58779,1.6105,2.1983,2.1849
0,0.30902,1.6132,1.9222,1.9049
0,2.3028e-14,1.616,1.616,1.6156
0,-0.30902,1.6187,1.3097,1.3148
0,-0.58779,1.6214,1.0336,1.0297
0,-0.80902,1.6242,0.81514,0.83106
0,-0.95106,1.6269,0.67584,0.67083
0,-1,1.6296,0.62964,0.63813
0,-0.95106,1.6324,0.68133,0.6676
0,-0.80902,1.6351,0.82611,0.8112
0,-0.58779,1.6379,1.0501,1.0543
0,-0.30902,1.6406,1.3316,1.3407
0,-3.3808e-14,1.6434,1.6434,1.6451
0,0.30902,1.6461,1.9551,1.9803
0,0.58779,1.6489,2.2367,2.2331
0,0.80902,1.6516,2.4607,2.4641
0,0.95106,1.6544,2.6055,2.5929
0,1,1.6572,2.6572,2.6598
0,0.95106,1.6599,2.611,2.6157
0,0.80902,1.6627,2.4717,2.4555
0,0.58779,1.6655,2.2532,2.242
0,0.30902,1.6682,1.9772,1.9887
0,-1.2255e-14,1.671,1.671,1.6767
0,-0.30902,1.6738,1.3648,1.3553
0,-0.58779,1.6765,1.0888,1.0761
0,-0.80902,1.6793,0.8703,0.90344
0,-0.95106,1.6821,0.73104,0.74278
0,-1,1.6849,0.68488,0.68936
0,-0.95106,1.6877,0.73661,0.73613
0,-0.80902,1.6904,0.88143,0.87912
0,-0.58779,1.6932,1.1055,1.0966
0,-0.30902,1.696,1.387,1.3893
0,1.4739e-15,1.6988,1.6988,1.6907
0,0.30902,1.7016,2.0106,2.0117
0,0.58779,1.7044,2.2922,2.2927
0,0.80902,1.7072,2.5162,2.5194
0,0.95106,1.71,2.6611,2.6558
0,1,1.7128,2.7128,2.7164
0,0.95106,1.7156,2.6667,2.6566
0,0.80902,1.7184,2.5274,2.5274
0,0.58779,1.7212,2.309,2.3185
0,0.30902,1.724,2.033,2.0386
0,9.3067e-15,1.7268,1.7268,1.7315
0,-0.30902,1.7296,1.4206,1.4147
0,-0.58779,1.7325,1.1447,1.1511
0,-0.80902,1.7353,0.92626,0.93366
0,-0.95106,1.7381,0.78704,0.7747
0,-1,1.7409,0.74092,0.73715
0,-0.95106,1.7437,0.79269,0.78531
0,-0.80902,1.7466,0.93755,0.94326
0,-0.58779,1.7494,1.1616,1.1555
0,-0.30902,1.7522,1.4432,1.4434
0,-2.0087e-14,1.7551,1.7551,1.7718
0,0.30902,1.7579,2.0669,2.0648
0,0.58779,1.7607,2.3485,2.3512
0,0.80902,1.7636,2.5726,2.5832
0,0.95106,1.7664,2.7175,2.7159
0,1,1.7692,2.7692,2.768
0,0.95106,1.7721,2.7231,2.7346
0,0.80902,1.7749,2.5839,2.5934
0,0.58779,1.7778,2.3656,2.3752
0,0.30902,1.7806,2.0896,2.0688
0,3.0868e-14,1.7835,1.7835,1.7706
0,-0.30902,1.7863,1.4773,1.465
0,-0.58779,1.7892,1.2014,1.215
0,-0.80902,1.792,0.98302,1.0004
0,-0.95106,1.7949,0.84384,0.85707
0,-1,1.7978,0.79776,0.80846
0,-0.95106,1.8006,0.84957,0.83407
0,-0.80902,1.8035,0.99447,0.99345
0,-0.58779,1.8064,1.2186,1.2138
0,-0.30902,1.8092,1.5002,1.5006
0,1.5195e-14,1.8121,1.8121,1.8029
0,0.30902,1.815,2.124,2.1245
0,0.58779,1.8178,2.4056,2.4228
0,0.80902,1.8207,2.6297,2.6451
0,0.95106,1.8236,2.7747,2.7753
0,1,1.8265,2.8265,2.8212
0,0.95106,1.8294,2.7804,2.7872
0,0.80902,1.8322,2.6413,2.6418
0,0.58779,1.8351,2.4229,2.4202
0,0.30902,1.838,2.147,2.1621
0,-4.4143e-15,1.8409,1.8409,1.8384
0,-0.30902,1.8438,1.5348,1.5442
0,-0.58779,1.8467,1.2589,1.2714
0,-0.80902,1.8496,1.0406,1.0431
0,-0.95106,1.8525,0.90144,0.90564
0,-1,1.8554,0.8554,0.86393
0,-0.95106,1.8583,0.90725,0.9063
0,-0.80902,1.8612,1.0522,1.0399
0,-0.58779,1.8641,1.2763,1.2726
0,-0.30902,1.867,1.558,1.5508
0,-6.3663e-15,1.8699,1.8699,1.8588
0,0.30902,1.8728,2.1819,2.1718
0,0.58779,1.8758,2.4635,2.4613
0,0.80902,1.8787,2.6877,2.6857
0,0.95106,1.8816,2.8327,2.8234
0,1,1.8845,2.8845,2.8925
0,0.95106,1.8874,2.8385,2.8527
0,0.80902,1.8904,2.6994,2.7074
0,0.58779,1.8933,2.4811,2.4898
0,0.30902,1.8962,2.2052,2.2025
0,1.7147e-14,1.8992,1.8992,1.8963
0,-0.30902,1.9021,1.5931,1.5951
0,-0.58779,1.905,1.3172,1.328
0,-0.80902,1.908,1.0989,1.1021
0,-0.95106,1.9109,0.95984,0.9682
0,-1,1.9138,0.91384,0.9241
0,-0.95106,1.9168,0.96573,0.96825
0,-0.80902,1.9197,1.1107,1.1054
0,-0.58779,1.9227,1.3349,1.3156
0,-0.30902,1.9256,1.6166,1.6159
0,-2.7928e-14,1.9286,1.9286,1.918
0,0.30902,1.9315,2.2405,2.2462
0,0.58779,1.9345,2.5223,2.5197
0,0.80902,1.9374,2.7465,2.7584
0,0.95106,1.9404,2.8915,2.9056
0,1,1.9434,2.9434,2.9264
0,0.95106,1.9463,2.8974,2.9005
0,0.80902,1.9493,2.7583,2.749
0,0.58779,1.9523,2.54,2.5438
0,0.30902,1.9552,2.2642,2.2521
0,3.8708e-14,1.9582,1.9582,1.9631
0,-0.30902,1.9612,1.6522,1.6766
0,-0.58779,1.9641,1.3764,1.3911
0,-0.80902,1.9671,1.1581,1.1519
0,-0.95106,1.9701,1.019,1.007
0,-1,1.9731,0.97308,0.98806
0,-0.95106,1.9761,1.025,1.026
0,-0.80902,1.979,1.17,1.1802
0,-0.58779,1.982,1.3943,1.3906
0,-0.30902,1.985,1.676,1.6761
0,7.3547e-15,1.988,1.988,1.992
0,0.30902,1.991,2.3,2.3015
0,0.58779,1.994,2.5818,2.5892
0,0.80902,1.997,2.806,2.8086
0,0.95106,2,2.9511,2.9577
